Хаков Рустам,$2a$10$V4V5Jk34wu23FLT5ebb5C.HxFTfRs7wswl//kYJlCf1fMqbXy0RKa,Khan@email.com,89274741990,11-401,12.08.1996,budget
Насибуллин Ильнур Рифкатович,$2a$10$fwmm5PwXCKeYPE4aJruG4ePgCrVwbVld4BKvpkSVa.CBjRrDN.R9y,softilnyr16@gmail.com,89274741990,11-405,16.08.1996,budget
Гатин Марат Ильхамович,$2a$10$p6rupqivNA2ko.7aTg8IQ.tj6uGyF8EkDXJDruBuvN8MYldkuIPKu,marat@email.com,89274741990,11-401,21.02.1997,budget
Гатин Марат Ильхамович,43974e5b,marat@email.com,89274741990,11-401,21.02.1997,budget
Хаков Рустам,3d7ca049,Khan@email.com,89274741990,11-401,12.08.1996,budget
Насибуллин Ильнур Рифкатович,684f00c8,softilnyr16@gmail.com,89274741990,11-405,16.08.1996,budget
Гатин Марат Ильхамович,529f1936,marat@email.com,89274741990,11-401,21.02.1997,budget
Гатин Марат Ильхамович,a60f0a98,marat@email.com,89274741990,11-401,21.02.1997,budget
Насибуллин Ильнур Рифкатович,b9675a0d,softilnyr16@gmail.com,89274741990,11-405,16.08.1996,budget
Абрам,c58ea5b5,Abram@email.com,89274741990,,12.08.1988,budget
Хаков Рустам,05abaa18,Khan@email.com,89274741990,11-401,12.08.1996,budget
Гатин Марат Ильхамович,c427a729,marat@email.com,89274741990,11-401,21.02.1997,budget
Насибуллин Ильнур Рифкатович,56693347,softilnyr16@gmail.com,89274741990,11-405,16.08.1996,budget
Абрам,31df693b,Abram@email.com,89274741990,,12.08.1988,budget
Хаков Рустам,ca6bf460,Khan@email.com,89274741990,11-401,12.08.1996,budget
Гатин Марат Ильхамович,d8157979,marat@email.com,89274741990,11-401,21.02.1997,budget
Гатин Марат Ильхамович,07fa164e,marat@email.com,89274741990,11-401,21.02.1997,budget
Хаков Рустам,cb3e3967,Khan@email.com,89274741990,11-401,12.08.1996,budget
Насибуллин Ильнур Рифкатович,81143ba4,softilnyr16@gmail.com,89274741990,11-405,16.08.1996,budget
Абрам,52aa6549,Abram@email.com,89274741990,,12.08.1988,budget
Абрам,7b358640,Abram@email.com,89274741990,,12.08.1988,,
Гатин Марат Ильхамович,11563c6e,marat@email.com,89274741990,11-401,21.02.1997,,
Гатин Марат Ильхамович,7e9c0fb0,marat@email.com,89274741990,11-401,21.02.1997,,
Абрам,025aae0e,Abram@email.com,89274741990,,12.08.1988,,
Абрам,20612824,Abram@email.com,89274741990,,12.08.1988,,
Хаков Рустам,efdb3867,Khan@email.com,89274741990,11-401,12.08.1996,
Насибуллин Ильнур Рифкатович,bdfc0527,softilnyr16@gmail.com,89274741990,11-405,16.08.1996,
Абрам,53b57725,Abram@email.com,89274741990,,12.08.1988,
Гатин Марат Ильхамович,88ab1fa4,marat@email.com,89274741990,11-401,21.02.1997,
Гатин Марат Ильхамович,dc472735,marat@email.com,89274741990,11-401,21.02.1997,
Насибуллин Ильнур Рифкатович,e4395e62,softilnyr16@gmail.com,89274741990,11-405,16.08.1996,
Абрам,754f2331,Abram@email.com,89274741990,,12.08.1988,
Хаков Рустам,a8cd08a1,Khan@email.com,89274741990,11-401,12.08.1996,
SoftIlnyr,e5ea0bc5,SoftIlnyr@email.com,89274741990,,12.08.1988,
Гатин Марат Ильхамович,4f69920e,marat@email.com,89274741990,11-401,21.02.1997,
Насибуллин Ильнур Рифкатович,7f7a2463,softilnyr16@gmail.com,89274741990,11-405,16.08.1996,
Абрам,1ab30545,Abram@email.com,89274741990,,12.08.1988,
Хаков Рустам,386b277e,Khan@email.com,89274741990,11-401,12.08.1996,
Гатин Марат Ильхамович,47872088,marat@email.com,89274741990,11-401,21.02.1997,
Хаков Рустам,a9110911,Khan@email.com,89274741990,11-401,12.08.1996,
SoftIlnyr,452fe2ee,SoftIlnyr@email.com,89274741990,,12.08.1988,
Абрам,9ae49488,Abram@email.com,89274741990,,12.08.1988,
Насибуллин Ильнур Рифкатович,074a5ccc,softilnyr16@gmail.com,89274741990,11-405,16.08.1996,
SoftIlnyr,745ed744,SoftIlnyr,,,12.08.1988,
Хаков Рустам,3f565e4f,Khan@email.com,89274741990,11-401,12.08.1996,
Насибуллин Ильнур Рифкатович,70d7db33,softilnyr16@gmail.com,89274741990,11-405,16.08.1996,
Абрам,0d59a611,Abram@email.com,89274741990,,12.08.1988,
Гатин Марат Ильхамович,3e996448,marat@email.com,89274741990,11-401,21.02.1997,
Абрам,4054e778,Abram@email.com,89274741990,,12.08.1988,
SoftIlnyr,8708b385,SoftIlnyr@email.com,89274741990,,12.08.1988,
Хаков Рустам,0e15df32,Khan@email.com,89274741990,11-401,12.08.1996,
Насибуллин Ильнур Рифкатович,03636d43,softilnyr16@gmail.com,89274741990,11-405,16.08.1996,
Гатин Марат Ильхамович,00a7a4a4,marat@email.com,89274741990,11-401,21.02.1997,
Гатин Марат Ильхамович,0dce8e61,marat@email.com,89274741990,11-401,21.02.1997,
Хаков Рустам,c6045ca6,Khan@email.com,89274741990,11-401,12.08.1996,
Абрам,305b4e9a,Abram@email.com,89274741990,,12.08.1988,
Насибуллин Ильнур Рифкатович,4f9a5a03,softilnyr16@gmail.com,89274741990,11-405,16.08.1996,
SoftIlnyr,54632ba9,SoftIlnyr@email.com,89274741990,,12.08.1988,
Насибуллин Ильнур Рифкатович,3725212b,softilnyr16@gmail.com,89274741990,11-405,16.08.1996,
Гатин Марат Ильхамович,fc39d385,marat@email.com,89274741990,11-401,21.02.1997,
Хаков Рустам,34de1762,Khan@email.com,89274741990,11-401,12.08.1996,
SoftIlnyr,3cec246f,SoftIlnyr@email.com,89274741990,,12.08.1988,
Абрам,eb854c86,Abram@email.com,89274741990,,12.08.1988,
